Workbook

Sheet ELV_ICE-prd
A1: fraction | B1: matter | C1: mass | D1: mass_fraction | E1: uncertainty
A2: ICE_body | B2: component | C2: 770 | D2: 0.55 | E2: 0.1
A3: ICE_engtrans | B3: component | C3: 420 | D3: 0.3 | E3: 0.1
A4: ICE_catconverter | B4: component | C4: 70 | D4: 0.05 | E4: 0.1
A5: ICE_tyres | B5: component | C5: 56 | D5: 0.04 | E5: 0.1
A6: ICE_elec | B6: component | C6: 28 | D6: 0.02 | E6: 0.1
A7: ICE_batt | B7: component | C7: 28 | D7: 0.02 | E7: 0.1
A8: ICE_liquids | B8: component | C8: 28 | D8: 0.02 | E8: 0.1
A9: total | C9: =SUM(C2:C8) -> 1400 | D9: =SUM(D2:D8) -> 1

Sheet ELV_ICE_body-cpt
A1: fraction | B1: matter | C1: mass | D1: mass_fraction | E1: uncertainty
A2: ferrous | B2: material | C2: ='ELV_ICE-prd'!C$2*D2 -> 485.1 | D2: 0.63 | E2: 0.1
A3: nonferrous | B3: material | C3: ='ELV_ICE-prd'!C$2*D3 -> 169.4 | D3: 0.22 | E3: 0.1
A4: glass | B4: material | C4: ='ELV_ICE-prd'!C$2*D4 -> 30.8 | D4: 0.04 | E4: 0.1
A5: rest | B5: material | C5: ='ELV_ICE-prd'!C$2*D5 -> 84.7 | D5: 0.11 | E5: 0.1
A6: total | C6: ='ELV_ICE-prd'!C2 -> 770 | D6: =SUM(D2:D5) -> 1

Sheet ELV_ICE_engtrans-cpt
A1: fraction | B1: matter | C1: mass | D1: mass_fraction | E1: uncertainty
A2: ferrous | B2: material | C2: ='ELV_ICE-prd'!C$3*D2 -> 378 | D2: 0.9 | E2: 0.1
A3: nonferrous | B3: material | C3: ='ELV_ICE-prd'!C$3*D3 -> 29.4 | D3: 0.07 | E3: 0.1
A4: rest | B4: material | C4: ='ELV_ICE-prd'!C$3*D4 -> 12.6 | D4: 0.03 | E4: 0.1
A5: total | C5: ='ELV_ICE-prd'!C3 -> 420 | D5: =SUM(D2:D4) -> 1

Sheet ELV_ICE_catconv-cpt
A1: fraction | B1: matter | C1: mass | D1: mass_fraction | E1: uncertainty
A2: ree | B2: material | C2: =0.31*70 -> 21.7 | D2: 0.31 | E2: 0.1
A3: ferrous | B3: material | C3: ='ELV_ICE-prd'!C$4*D3 -> 41.3 | D3: 0.59 | E3: 0.1
A4: rest | B4: material | C4: ='ELV_ICE-prd'!C$4*D4 -> 7 | D4: 0.1 | E4: 0.1
A5: total | C5: ='ELV_ICE-prd'!C4 -> 70 | D5: =SUM(D2:D4) -> 1

Sheet ELV_ICE_tyres-cpt
A1: fraction | B1: matter | C1: mass | D1: mass_fraction | E1: uncertainty
A2: ferrous | B2: material | C2: =$C$4*D2 -> 15.4 | D2: 0.55 | E2: 0.1
A3: rubber | B3: material | C3: =$C$4*D3 -> 4.2 | D3: 0.15 | E3: 0.1
A4: total | C4: ='ELV_ICE-prd'!C$6 -> 28 | D4: =SUM(D2:D3) -> 0.7

Sheet ELV_ICE_elec-cpt
A1: fraction | B1: matter | C1: mass | D1: mass_fraction | E1: uncertainty
A2: Cu | B2: element | C2: ='ELV_ICE-prd'!C$6*D2 -> 11.2 | D2: 0.4 | E2: 0.1
A3: Al | B3: element | C3: ='ELV_ICE-prd'!C$6*D3 -> 5.6 | D3: 0.2 | E3: 0.1
A4: Au | B4: element | C4: ='ELV_ICE-prd'!C$6*D4 -> 0.28 | D4: 0.01 | E4: 0.1
A5: Ag | B5: element | C5: ='ELV_ICE-prd'!C$6*D5 -> 0.28 | D5: 0.01 | E5: 0.1
A6: Sn | B6: element | C6: ='ELV_ICE-prd'!C$6*D6 -> 0.84 | D6: 0.03 | E6: 0.1
A7: Pb | B7: element | C7: ='ELV_ICE-prd'!C$6*D7 -> 0.28 | D7: 0.01 | E7: 0.1
A8: Ni | B8: element | C8: ='ELV_ICE-prd'!C$6*D8 -> 0.56 | D8: 0.02 | E8: 1.1
A9: Pd | B9: element | C9: ='ELV_ICE-prd'!C$6*D9 -> 0.28 | D9: 0.01 | E9: 2.1
A10: plastic | B10: material | C10: ='ELV_ICE-prd'!C$6*D10 -> 8.68 | D10: 0.31 | E10: 3.1
A11: total | C11: ='ELV_ICE-prd'!C6 -> 28 | D11: =SUM(D2:D10) -> 1

Sheet ELV_ICE_liquids-mat
A1: fraction | B1: matter | C1: mass | D1: mass_fraction | E1: uncertainty
A2: waste_oil | B2: material | C2: 28 | D2: 1 | E2: 0.1
A3: total | C3: ='ELV_ICE-prd'!C6 -> 28 | D3: =SUM(D2:D2) -> 1

Sheet ELV_ICE_batt-cpt
A1: fraction | B1: matter | C1: mass | D1: mass_fraction | E1: uncertainty
A2: Pb | B2: element | C2: =C$5*D2 -> 18.2 | D2: 0.65 | E2: 0.1
A3: H2SO4 | B3: compound | C3: =C$5*D3 -> 7 | D3: 0.25 | E3: 0.1
A4: plastic | B4: material | C4: =C$5*D4 -> 2.8 | D4: 0.1 | E4: 0.1
A5: total | C5: ='ELV_ICE-prd'!C$7 -> 28 | D5: =SUM(D2:D4) -> 1

Sheet ELV_ICE_nonferrous-mat
A1: fraction | B1: matter | C1: mass | D1: mass_fraction | E1: uncertainty
A2: Al | B2: element | C2: =$C$11*D2 -> 109.34 | D2: 0.55 | E2: 0.1
A3: Cu | B3: element | C3: =$C$11*D3 -> 29.82 | D3: 0.15 | E3: 0.1
A4: brass | B4: element | C4: =$C$11*D4 -> 15.904 | D4: 0.08 | E4: 0.1
A5: Pb | B5: element | C5: =$C$11*D5 -> 5.964 | D5: 0.03 | E5: 0.1
A6: Zn | B6: element | C6: =$C$11*D6 -> 5.964 | D6: 0.03 | E6: 0.1
A7: Ni | B7: element | C7: =$C$11*D7 -> 3.976 | D7: 0.02 | E7: 0.1
A8: Mg | B8: element | C8: =$C$11*D8 -> 3.976 | D8: 0.02 | E8: 1.1
A9: Sn | B9: element | C9: =$C$11*D9 -> 3.976 | D9: 0.02 | E9: 2.1
A10: rest | B10: material | C10: =$C$11*D10 -> 19.88 | D10: 0.1 | E10: 3.1
A11: total | C11: ='ELV_ICE_engtrans-cpt'!C3+'ELV_ICE_body-cpt'!C3 -> 198.8 | D11: =SUM(D2:D10) -> 1

Sheet ELV_ICE_slag_nfe-mat
A1: fraction | B1: matter | C1: mass | D1: mass_fraction | E1: uncertainty
A2: Al | B2: element | C2: =$C$11*D2 -> 19.88 | D2: 0.1 | E2: 0.1
A3: Cu | B3: element | C3: =$C$11*D3 -> 3.976 | D3: 0.02 | E3: 0.1
A4: brass | B4: element | C4: =$C$11*D4 -> 3.976 | D4: 0.02 | E4: 0.1
A5: Pb | B5: element | C5: =$C$11*D5 -> 1.988 | D5: 0.01 | E5: 0.1
A6: Zn | B6: element | C6: =$C$11*D6 -> 1.988 | D6: 0.01 | E6: 0.1
A7: Ni | B7: element | C7: =$C$11*D7 -> 1.988 | D7: 0.01 | E7: 0.1
A8: Mg | B8: element | C8: =$C$11*D8 -> 1.988 | D8: 0.01 | E8: 1.1
A9: Sn | B9: element | C9: =$C$11*D9 -> 1.988 | D9: 0.01 | E9: 2.1
A10: rest | B10: material | C10: =$C$11*D10 -> 161.028 | D10: 0.81 | E10: 3.1
A11: total | C11: ='ELV_ICE_engtrans-cpt'!C3+'ELV_ICE_body-cpt'!C3 -> 198.8 | D11: =SUM(D2:D10) -> 1

Sheet ELV_ICE_ferrous-mat
A1: fraction | B1: matter | C1: mass | D1: mass_fraction | E1: uncertainty
A2: Fe | B2: element | C2: =$C$6*D2 -> 859.18 | D2: 0.95 | E2: 0.1
A3: Ni | B3: element | C3: =$C$6*D3 -> 9.044 | D3: 0.01 | E3: 0.1
A4: Mn | B4: element | C4: =$C$6*D4 -> 9.044 | D4: 0.01 | E4: 0.1
A5: rest | B5: material | C5: =$C$6*D5 -> 27.132 | D5: 0.03 | E5: 3.1
A6: total | C6: ='ELV_ICE_engtrans-cpt'!C2+'ELV_ICE_body-cpt'!C2+'ELV_ICE_catconv-cpt'!C3 -> 904.4 | D6: =SUM(D2:D5) -> 1

Sheet ELV_ICE_slag_fe-mat
A1: fraction | B1: matter | C1: mass | D1: mass_fraction | E1: uncertainty
A2: Fe | B2: element | C2: =$C$6*D2 -> 90.44 | D2: 0.1 | E2: 0.1
A3: Ni | B3: element | C3: =$C$6*D3 -> 9.044 | D3: 0.01 | E3: 0.1
A4: Mn | B4: element | C4: =$C$6*D4 -> 9.044 | D4: 0.01 | E4: 0.1
A5: rest | B5: material | C5: =$C$6*D5 -> 795.872 | D5: 0.88 | E5: 3.1
A6: total | C6: ='ELV_ICE_engtrans-cpt'!C2+'ELV_ICE_body-cpt'!C2+'ELV_ICE_catconv-cpt'!C3 -> 904.4 | D6: =SUM(D2:D5) -> 1

Sheet ELV_ICE_rubber-mat
A1: fraction | B1: matter | C1: mass | D1: mass_fraction | E1: uncertainty
A2: rubber | B2: material | C2: 4.2 | D2: 1 | E2: 0
A3: total | C3: 4.2 | D3: =SUM(D2:D2) -> 1

Sheet ELV_ICE_ree-mat
A1: fraction | B1: matter | C1: mass | D1: mass_fraction | E1: uncertainty
A2: Pt | B2: element | C2: =D2*$C$7 -> 1.085 | D2: 0.05 | E2: 0.1
A3: Pd | B3: element | C3: =D3*$C$7 -> 1.085 | D3: 0.05 | E3: 0.1
A4: Rh | B4: element | C4: =D4*$C$7 -> 2.17 | D4: 0.1 | E4: 0.1
A5: Ce | B5: element | C5: =D5*$C$7 -> 10.85 | D5: 0.5 | E5: 0.1
A6: rest | B6: material | C6: =D6*$C$7 -> 6.51 | D6: 0.3 | E6: 1.1
A7: total | C7: 21.7 | D7: =SUM(D2:D6) -> 1

Sheet ELV_ICE_slag_ree-mat
A1: fraction | B1: matter | C1: mass | D1: mass_fraction | E1: uncertainty
A2: ree | B2: material | C2: =0.31*70 -> 21.7 | D2: 0.31 | E2: 0.1
A3: ferrous | B3: material | C3: ='ELV_ICE-prd'!C$4*D3 -> 41.3 | D3: 0.59 | E3: 0.1
A4: rest | B4: material | C4: ='ELV_ICE-prd'!C$4*D4 -> 7 | D4: 0.1 | E4: 0.1
A5: total | C5: 10 | D5: =SUM(D2:D4) -> 1

Sheet ELV_ICE_glass-mat
A1: fraction | B1: matter | C1: mass | D1: mass_fraction | E1: uncertainty
A2: glass | B2: material | C2: 60.5 | D2: 1 | E2: 0
A3: total | C3: 60.5 | D3: =SUM(D2:D2) -> 1

Sheet ELV_ICE_waste_shredder-mat
A1: fraction | B1: matter | C1: mass | D1: mass_fraction | E1: uncertainty
A2: plastic | B2: material | C2: =D2*$C$5 -> 60.9 | D2: 0.6 | E2: 0.1
A3: ferrous | B3: material | C3: =D3*$C$5 -> 20.3 | D3: 0.2 | E3: 0.1
A4: nonferrous | B4: material | C4: =D4*$C$5 -> 20.3 | D4: 0.2 | E4: 0.1
A5: total | C5: 101.5 | D5: =SUM(D2:D4) -> 1

Sheet ELV_ICE_plastic-mat
A1: fraction | B1: matter | C1: mass | D1: mass_fraction | E1: uncertainty
A2: plastic | B2: material | C2: 30.8 | D2: 1 | E2: 0
A3: total | C3: 30.8 | D3: =SUM(D2:D2) -> 1

Sheet ELV_ICE_H2SO4-cmp
A1: fraction | B1: matter | C1: mass | D1: mass_fraction | E1: uncertainty
A2: H2SO4 | B2: compound | C2: 7 | D2: 1 | E2: 0.1
A3: total | C3: 7 | D3: =SUM(D2:D2) -> 1

Sheet ELV_ICE_Pb-elm
A1: fraction | B1: matter | C1: mass | D1: mass_fraction | E1: uncertainty
A2: Pb | B2: element | C2: 18 | D2: 1 | E2: 0.1
A3: total | C3: 18 | D3: =SUM(D2:D2) -> 1
