Workbook

Sheet Inflow
E1: F1 | F1: F1 | G1: F1 | H1: F1 | I1: F1 | J1: F1 | K1: F1 | L1: F1 | M1: F1 | N1: F1
E2: P1 | F2: P1 | G2: P1 | H2: P1 | I2: P1 | J2: P2 | K2: P2 | L2: P2 | M2: P2 | N2: P2
E3: -1 | F3: C1 | G3: C2 | H3: C1 | I3: C2 | J3: -1 | K3: C1 | L3: C2 | M3: C1 | N3: C2
E4: -1 | F4: -1 | G4: -1 | H4: M1 | I4: M1 | J4: -1 | K4: -1 | L4: -1 | M4: M1 | N4: M1 | AA4: Y
A5: {=TRANSPOSE(E1:N4)} -> F1 | B5: P1 | C5: -1 | D5: -1 | E5: 1 | F5: 0 | G5: 0 | H5: 0 | I5: 0 | J5: 0 | K5: 0 | L5: 0 | M5: 0 | N5: 0 | W5: =A5 -> F1 | X5: =B5 -> P1 | Y5: =C5 -> -1 | Z5: =D5 -> -1 | AA5: 10
A6: F1 | B6: P1 | C6: C1 | D6: -1 | E6: 0.8 | F6: -1 | G6: 0 | H6: 0 | I6: 0 | J6: 0 | K6: 0 | L6: 0 | M6: 0 | N6: 0 | W6: =A6 -> F1 | X6: =B6 -> P1 | Y6: =C6 -> C1 | Z6: =D6 -> -1 | AA6: 0
A7: F1 | B7: P1 | C7: C2 | D7: -1 | E7: 0.2 | F7: 0 | G7: -1 | H7: 0 | I7: 0 | J7: 0 | K7: 0 | L7: 0 | M7: 0 | N7: 0 | W7: =A7 -> F1 | X7: =B7 -> P1 | Y7: =C7 -> C2 | Z7: =D7 -> -1 | AA7: 0
A8: F1 | B8: P1 | C8: C1 | D8: M1 | E8: 0 | F8: 0.5 | G8: 0 | H8: -1 | I8: 0 | J8: 0 | K8: 0 | L8: 0 | M8: 0 | N8: 0 | W8: =A8 -> F1 | X8: =B8 -> P1 | Y8: =C8 -> C1 | Z8: =D8 -> M1 | AA8: 0
A9: F1 | B9: P1 | C9: C2 | D9: M1 | E9: 0 | F9: 0 | G9: 0.6 | H9: 0 | I9: -1 | J9: 0 | K9: 0 | L9: 0 | M9: 0 | N9: 0 | W9: =A9 -> F1 | X9: =B9 -> P1 | Y9: =C9 -> C2 | Z9: =D9 -> M1 | AA9: 0
A10: F1 | B10: P2 | C10: -1 | D10: -1 | E10: 0 | F10: 0 | G10: 0 | H10: 0 | I10: 0 | J10: 1 | K10: 0 | L10: 0 | M10: 0 | N10: 0 | W10: =A10 -> F1 | X10: =B10 -> P2 | Y10: =C10 -> -1 | Z10: =D10 -> -1 | AA10: 50
A11: F1 | B11: P2 | C11: C1 | D11: -1 | E11: 0 | F11: 0 | G11: 0 | H11: 0 | I11: 0 | J11: 0.1 | K11: -1 | L11: 0 | M11: 0 | N11: 0 | W11: =A11 -> F1 | X11: =B11 -> P2 | Y11: =C11 -> C1 | Z11: =D11 -> -1 | AA11: 0
A12: F1 | B12: P2 | C12: C2 | D12: -1 | E12: 0 | F12: 0 | G12: 0 | H12: 0 | I12: 0 | J12: 0.9 | K12: 0 | L12: -1 | M12: 0 | N12: 0 | W12: =A12 -> F1 | X12: =B12 -> P2 | Y12: =C12 -> C2 | Z12: =D12 -> -1 | AA12: 0
A13: F1 | B13: P2 | C13: C1 | D13: M1 | E13: 0 | F13: 0 | G13: 0 | H13: 0 | I13: 0 | J13: 0 | K13: 0.75 | L13: 0 | M13: -1 | N13: 0 | W13: =A13 -> F1 | X13: =B13 -> P2 | Y13: =C13 -> C1 | Z13: =D13 -> M1 | AA13: 0
A14: F1 | B14: P2 | C14: C2 | D14: M1 | E14: 0 | F14: 0 | G14: 0 | H14: 0 | I14: 0 | J14: 0 | K14: 0 | L14: 0.3 | M14: 0 | N14: -1 | W14: =A14 -> F1 | X14: =B14 -> P2 | Y14: =C14 -> C2 | Z14: =D14 -> M1 | AA14: 0
AA21: X
E22: {=MINVERSE(E5:N14)} -> 1 | F22: 0 | G22: 0 | H22: 0 | I22: 0 | J22: 0 | K22: 0 | L22: 0 | M22: 0 | N22: 0 | W22: =W5 -> F1 | X22: =X5 -> P1 | Y22: =Y5 -> -1 | Z22: =Z5 -> -1 | AA22: {=MMULT(_xlfn.anchorarray(E22),AA5:AA14)} -> #NAME?
E23: 0.8 | F23: -1 | G23: 0 | H23: 0 | I23: 0 | J23: 0 | K23: 0 | L23: 0 | M23: 0 | N23: 0 | W23: =W6 -> F1 | X23: =X6 -> P1 | Y23: =Y6 -> C1 | Z23: =Z6 -> -1 | AA23: #NAME?
D24: inv(A) | E24: 0.2 | F24: 0 | G24: -1 | H24: 0 | I24: 0 | J24: 0 | K24: 0 | L24: 0 | M24: 0 | N24: 0 | W24: =W7 -> F1 | X24: =X7 -> P1 | Y24: =Y7 -> C2 | Z24: =Z7 -> -1 | AA24: #NAME?
E25: 0.4 | F25: -0.5 | G25: 0 | H25: -1 | I25: 0 | J25: 0 | K25: 0 | L25: 0 | M25: 0 | N25: 0 | W25: =W8 -> F1 | X25: =X8 -> P1 | Y25: =Y8 -> C1 | Z25: =Z8 -> M1 | AA25: #NAME?
E26: 0.12 | F26: 0 | G26: -0.6 | H26: 0 | I26: -1 | J26: 0 | K26: 0 | L26: 0 | M26: 0 | N26: 0 | W26: =W9 -> F1 | X26: =X9 -> P1 | Y26: =Y9 -> C2 | Z26: =Z9 -> M1 | AA26: #NAME?
E27: 0 | F27: 0 | G27: 0 | H27: 0 | I27: 0 | J27: 1 | K27: 0 | L27: 0 | M27: 0 | N27: 0 | W27: =W10 -> F1 | X27: =X10 -> P2 | Y27: =Y10 -> -1 | Z27: =Z10 -> -1 | AA27: #NAME?
E28: 0 | F28: 0 | G28: 0 | H28: 0 | I28: 0 | J28: 0.1 | K28: -1 | L28: 0 | M28: 0 | N28: 0 | W28: =W11 -> F1 | X28: =X11 -> P2 | Y28: =Y11 -> C1 | Z28: =Z11 -> -1 | AA28: #NAME?
E29: 0 | F29: 0 | G29: 0 | H29: 0 | I29: 0 | J29: 0.9 | K29: 0 | L29: -1 | M29: 0 | N29: 0 | W29: =W12 -> F1 | X29: =X12 -> P2 | Y29: =Y12 -> C2 | Z29: =Z12 -> -1 | AA29: #NAME?
E30: 0 | F30: 0 | G30: 0 | H30: 0 | I30: 0 | J30: 0.075 | K30: -0.75 | L30: 0 | M30: -1 | N30: 0 | W30: =W13 -> F1 | X30: =X13 -> P2 | Y30: =Y13 -> C1 | Z30: =Z13 -> M1 | AA30: #NAME?
E31: 0 | F31: 0 | G31: 0 | H31: 0 | I31: 0 | J31: 0.27 | K31: 0 | L31: -0.3 | M31: 0 | N31: -1 | W31: =W14 -> F1 | X31: =X14 -> P2 | Y31: =Y14 -> C2 | Z31: =Z14 -> M1 | AA31: #NAME?

Sheet Inflow_expanded
E1: F1 | F1: F1 | G1: F1 | H1: F1 | I1: F1 | J1: F1 | K1: F1 | L1: F1 | M1: F1 | N1: F1 | O1: F1 | P1: F1 | Q1: F1 | R1: F1 | S1: F1 | T1: F1 | U1: F1 | V1: F1
E2: -1 | F2: P1 | G2: P1 | H2: P1 | I2: P1 | J2: P1 | K2: P2 | L2: P2 | M2: P2 | N2: P2 | O2: P2 | P2: P1 | Q2: P2 | R2: -1 | S2: -1 | T2: -1 | U2: -1 | V2: -1
E3: -1 | F3: -1 | G3: C1 | H3: C2 | I3: C1 | J3: C2 | K3: -1 | L3: C1 | M3: C2 | N3: C1 | O3: C2 | P3: -1 | Q3: -1 | R3: C1 | S3: C1 | T3: C2 | U3: C2 | V3: -1
E4: -1 | F4: -1 | G4: -1 | H4: -1 | I4: M1 | J4: M1 | K4: -1 | L4: -1 | M4: -1 | N4: M1 | O4: M1 | P4: M1 | Q4: M1 | R4: -1 | S4: M1 | T4: -1 | U4: M1 | V4: M1
A5: {=TRANSPOSE(E1:V4)} -> F1 | B5: -1 | C5: -1 | D5: -1 | E5: 0 | F5: 0 | G5: 0 | H5: 0 | I5: 0 | J5: 0 | K5: 0 | L5: 0 | M5: 0 | N5: 0 | O5: 0 | P5: 0 | Q5: 0 | R5: 0 | S5: 0 | T5: 0 | U5: 0 | V5: 0
A6: F1 | B6: P1 | C6: -1 | D6: -1 | E6: 0 | F6: 1 | G6: 0 | H6: 0 | I6: 0 | J6: 0 | K6: 0 | L6: 0 | M6: 0 | N6: 0 | O6: 0 | P6: 0 | Q6: 0 | R6: 0 | S6: 0 | T6: 0 | U6: 0 | V6: 0
A7: F1 | B7: P1 | C7: C1 | D7: -1 | E7: 0 | F7: 0.8 | G7: -1 | H7: 0 | I7: 0 | J7: 0 | K7: 0 | L7: 0 | M7: 0 | N7: 0 | O7: 0 | P7: 0 | Q7: 0 | R7: 0 | S7: 0 | T7: 0 | U7: 0 | V7: 0
A8: F1 | B8: P1 | C8: C2 | D8: -1 | E8: 0 | F8: 0.2 | G8: 0 | H8: -1 | I8: 0 | J8: 0 | K8: 0 | L8: 0 | M8: 0 | N8: 0 | O8: 0 | P8: 0 | Q8: 0 | R8: 0 | S8: 0 | T8: 0 | U8: 0 | V8: 0
A9: F1 | B9: P1 | C9: C1 | D9: M1 | E9: 0 | F9: 0 | G9: 0.5 | H9: 0 | I9: -1 | J9: 0 | K9: 0 | L9: 0 | M9: 0 | N9: 0 | O9: 0 | P9: 0 | Q9: 0 | R9: 0 | S9: 0 | T9: 0 | U9: 0 | V9: 0
A10: F1 | B10: P1 | C10: C2 | D10: M1 | E10: 0 | F10: 0 | G10: 0 | H10: 0.6 | I10: 0 | J10: -1 | K10: 0 | L10: 0 | M10: 0 | N10: 0 | O10: 0 | P10: 0 | Q10: 0 | R10: 0 | S10: 0 | T10: 0 | U10: 0 | V10: 0
A11: F1 | B11: P2 | C11: -1 | D11: -1 | E11: 0 | F11: 0 | G11: 0 | H11: 0 | I11: 0 | J11: 0 | K11: 1 | L11: 0 | M11: 0 | N11: 0 | O11: 0 | P11: 0 | Q11: 0 | R11: 0 | S11: 0 | T11: 0 | U11: 0 | V11: 0
A12: F1 | B12: P2 | C12: C1 | D12: -1 | E12: 0 | F12: 0 | G12: 0 | H12: 0 | I12: 0 | J12: 0 | K12: 0.1 | L12: -1 | M12: 0 | N12: 0 | O12: 0 | P12: 0 | Q12: 0 | R12: 0 | S12: 0 | T12: 0 | U12: 0 | V12: 0
A13: F1 | B13: P2 | C13: C2 | D13: -1 | E13: 0 | F13: 0 | G13: 0 | H13: 0 | I13: 0 | J13: 0 | K13: 0.9 | L13: 0 | M13: -1 | N13: 0 | O13: 0 | P13: 0 | Q13: 0 | R13: 0 | S13: 0 | T13: 0 | U13: 0 | V13: 0
A14: F1 | B14: P2 | C14: C1 | D14: M1 | E14: 0 | F14: 0 | G14: 0 | H14: 0 | I14: 0 | J14: 0 | K14: 0 | L14: 0.75 | M14: 0 | N14: -1 | O14: 0 | P14: 0 | Q14: 0 | R14: 0 | S14: 0 | T14: 0 | U14: 0 | V14: 0
A15: F1 | B15: P2 | C15: C2 | D15: M1 | E15: 0 | F15: 0 | G15: 0 | H15: 0 | I15: 0 | J15: 0 | K15: 0 | L15: 0 | M15: 0.3 | N15: 0 | O15: -1 | P15: 0 | Q15: 0 | R15: 0 | S15: 0 | T15: 0 | U15: 0 | V15: 0
A16: F1 | B16: P1 | C16: -1 | D16: M1 | E16: 0 | F16: 0 | G16: 0 | H16: 0 | I16: 0 | J16: 0 | K16: 0 | L16: 0 | M16: 0 | N16: 0 | O16: 0 | P16: 0 | Q16: 0 | R16: 0 | S16: 0 | T16: 0 | U16: 0 | V16: 0
A17: F1 | B17: P2 | C17: -1 | D17: M1 | E17: 0 | F17: 0 | G17: 0 | H17: 0 | I17: 0 | J17: 0 | K17: 0 | L17: 0 | M17: 0 | N17: 0 | O17: 0 | P17: 0 | Q17: 0 | R17: 0 | S17: 0 | T17: 0 | U17: 0 | V17: 0
A18: F1 | B18: -1 | C18: C1 | D18: -1 | E18: 0 | F18: 0 | G18: 0 | H18: 0 | I18: 0 | J18: 0 | K18: 0 | L18: 0 | M18: 0 | N18: 0 | O18: 0 | P18: 0 | Q18: 0 | R18: 0 | S18: 0 | T18: 0 | U18: 0 | V18: 0
A19: F1 | B19: -1 | C19: C1 | D19: M1 | E19: 0 | F19: 0 | G19: 0 | H19: 0 | I19: 0 | J19: 0 | K19: 0 | L19: 0 | M19: 0 | N19: 0 | O19: 0 | P19: 0 | Q19: 0 | R19: 0 | S19: 0 | T19: 0 | U19: 0 | V19: 0
A20: F1 | B20: -1 | C20: C2 | D20: -1 | E20: 0 | F20: 0 | G20: 0 | H20: 0 | I20: 0 | J20: 0 | K20: 0 | L20: 0 | M20: 0 | N20: 0 | O20: 0 | P20: 0 | Q20: 0 | R20: 0 | S20: 0 | T20: 0 | U20: 0 | V20: 0
A21: F1 | B21: -1 | C21: C2 | D21: M1 | E21: 0 | F21: 0 | G21: 0 | H21: 0 | I21: 0 | J21: 0 | K21: 0 | L21: 0 | M21: 0 | N21: 0 | O21: 0 | P21: 0 | Q21: 0 | R21: 0 | S21: 0 | T21: 0 | U21: 0 | V21: 0
A22: F1 | B22: -1 | C22: -1 | D22: M1 | E22: 0 | F22: 0 | G22: 0 | H22: 0 | I22: 0 | J22: 0 | K22: 0 | L22: 0 | M22: 0 | N22: 0 | O22: 0 | P22: 0 | Q22: 0 | R22: 0 | S22: 0 | T22: 0 | U22: 0 | V22: 0

Sheet Transfer
E1: =Inflow!E1 -> F1 | F1: =Inflow!F1 -> F1 | G1: =Inflow!G1 -> F1 | H1: =Inflow!H1 -> F1 | I1: =Inflow!I1 -> F1 | J1: =Inflow!J1 -> F1 | K1: =Inflow!K1 -> F1 | L1: =Inflow!L1 -> F1 | ... N1: =Inflow!N1 -> F1 | O1: F2 | P1: F2 | Q1: F2 | R1: F2 | S1: F2 | T1: F2 | U1: F2 | V1: F2 | W1: F2 | X1: F2
E2: =Inflow!E2 -> P1 | F2: =Inflow!F2 -> P1 | G2: =Inflow!G2 -> P1 | H2: =Inflow!H2 -> P1 | I2: =Inflow!I2 -> P1 | J2: =Inflow!J2 -> P2 | K2: =Inflow!K2 -> P2 | L2: =Inflow!L2 -> P2 | ... N2: =Inflow!N2 -> P2 | O2: P1 | P2: P1 | Q2: P1 | R2: P1 | S2: P1 | T2: P2 | U2: P2 | V2: P2 | W2: P2 | X2: P2
E3: =Inflow!E3 -> -1 | F3: =Inflow!F3 -> C1 | G3: =Inflow!G3 -> C2 | H3: =Inflow!H3 -> C1 | I3: =Inflow!I3 -> C2 | J3: =Inflow!J3 -> -1 | K3: =Inflow!K3 -> C1 | L3: =Inflow!L3 -> C2 | ... N3: =Inflow!N3 -> C2 | O3: -1 | P3: C1 | Q3: C2 | R3: C1 | S3: C2 | T3: -1 | U3: C1 | V3: C2 | W3: C1 | X3: C2
E4: =Inflow!E4 -> -1 | F4: =Inflow!F4 -> -1 | G4: =Inflow!G4 -> -1 | H4: =Inflow!H4 -> M1 | I4: =Inflow!I4 -> M1 | J4: =Inflow!J4 -> -1 | K4: =Inflow!K4 -> -1 | L4: =Inflow!L4 -> -1 | ... N4: =Inflow!N4 -> M1 | O4: -1 | P4: -1 | Q4: -1 | R4: M1 | S4: M1 | T4: -1 | U4: -1 | V4: -1 | W4: M1 | X4: M1 | AA4: X | AD4: Y
A5: {=TRANSPOSE(E1:X4)} -> F1 | B5: P1 | C5: -1 | D5: -1 | E5: =Inflow!E5 -> 1 | F5: =Inflow!F5 -> 0 | G5: =Inflow!G5 -> 0 | H5: =Inflow!H5 -> 0 | I5: =Inflow!I5 -> 0 | J5: =Inflow!J5 -> 0 | K5: =Inflow!K5 -> 0 | L5: =Inflow!L5 -> 0 | ... N5: =Inflow!N5 -> 0 | O5: 0 | P5: 0 | Q5: 0 | R5: 0 | S5: 0 | T5: 0 | U5: 0 | V5: 0 | W5: 0 | X5: 0 | AD5: =Inflow!AA5 -> 10
A6: F1 | B6: P1 | C6: C1 | D6: -1 | E6: =Inflow!E6 -> 0.8 | F6: =Inflow!F6 -> -1 | G6: =Inflow!G6 -> 0 | H6: =Inflow!H6 -> 0 | I6: =Inflow!I6 -> 0 | J6: =Inflow!J6 -> 0 | K6: =Inflow!K6 -> 0 | L6: =Inflow!L6 -> 0 | ... N6: =Inflow!N6 -> 0 | O6: 0 | P6: 0 | Q6: 0 | R6: 0 | S6: 0 | T6: 0 | U6: 0 | V6: 0 | W6: 0 | X6: 0 | AD6: =Inflow!AA7 -> 0
A7: F1 | B7: P1 | C7: C2 | D7: -1 | E7: =Inflow!E7 -> 0.2 | F7: =Inflow!F7 -> 0 | G7: =Inflow!G7 -> -1 | H7: =Inflow!H7 -> 0 | I7: =Inflow!I7 -> 0 | J7: =Inflow!J7 -> 0 | K7: =Inflow!K7 -> 0 | L7: =Inflow!L7 -> 0 | ... N7: =Inflow!N7 -> 0 | O7: 0 | P7: 0 | Q7: 0 | R7: 0 | S7: 0 | T7: 0 | U7: 0 | V7: 0 | W7: 0 | X7: 0 | AD7: =Inflow!AA8 -> 0
A8: F1 | B8: P1 | C8: C1 | D8: M1 | E8: =Inflow!E8 -> 0 | F8: =Inflow!F8 -> 0.5 | G8: =Inflow!G8 -> 0 | H8: =Inflow!H8 -> -1 | I8: =Inflow!I8 -> 0 | J8: =Inflow!J8 -> 0 | K8: =Inflow!K8 -> 0 | L8: =Inflow!L8 -> 0 | ... N8: =Inflow!N8 -> 0 | O8: 0 | P8: 0 | Q8: 0 | R8: 0 | S8: 0 | T8: 0 | U8: 0 | V8: 0 | W8: 0 | X8: 0 | AD8: =Inflow!AA9 -> 0
A9: F1 | B9: P1 | C9: C2 | D9: M1 | E9: =Inflow!E9 -> 0 | F9: =Inflow!F9 -> 0 | G9: =Inflow!G9 -> 0.6 | H9: =Inflow!H9 -> 0 | I9: =Inflow!I9 -> -1 | J9: =Inflow!J9 -> 0 | K9: =Inflow!K9 -> 0 | L9: =Inflow!L9 -> 0 | ... N9: =Inflow!N9 -> 0 | O9: 0 | P9: 0 | Q9: 0 | R9: 0 | S9: 0 | T9: 0 | U9: 0 | V9: 0 | W9: 0 | X9: 0 | AD9: 0
A10: F1 | B10: P2 | C10: -1 | D10: -1 | E10: =Inflow!E10 -> 0 | F10: =Inflow!F10 -> 0 | G10: =Inflow!G10 -> 0 | H10: =Inflow!H10 -> 0 | I10: =Inflow!I10 -> 0 | J10: =Inflow!J10 -> 1 | K10: =Inflow!K10 -> 0 | L10: =Inflow!L10 -> 0 | ... N10: =Inflow!N10 -> 0 | O10: 0 | P10: 0 | Q10: 0 | R10: 0 | S10: 0 | T10: 0 | U10: 0 | V10: 0 | W10: 0 | X10: 0 | AD10: 50
A11: F1 | B11: P2 | C11: C1 | D11: -1 | E11: =Inflow!E11 -> 0 | F11: =Inflow!F11 -> 0 | G11: =Inflow!G11 -> 0 | H11: =Inflow!H11 -> 0 | I11: =Inflow!I11 -> 0 | J11: =Inflow!J11 -> 0.1 | K11: =Inflow!K11 -> -1 | L11: =Inflow!L11 -> 0 | ... N11: =Inflow!N11 -> 0 | O11: 0 | P11: 0 | Q11: 0 | R11: 0 | S11: 0 | T11: 0 | U11: 0 | V11: 0 | W11: 0 | X11: 0 | AD11: =Inflow!AA12 -> 0
A12: F1 | B12: P2 | C12: C2 | D12: -1 | E12: =Inflow!E12 -> 0 | F12: =Inflow!F12 -> 0 | G12: =Inflow!G12 -> 0 | H12: =Inflow!H12 -> 0 | I12: =Inflow!I12 -> 0 | J12: =Inflow!J12 -> 0.9 | K12: =Inflow!K12 -> 0 | L12: =Inflow!L12 -> -1 | ... N12: =Inflow!N12 -> 0 | O12: 0 | P12: 0 | Q12: 0 | R12: 0 | S12: 0 | T12: 0 | U12: 0 | V12: 0 | W12: 0 | X12: 0 | AD12: =Inflow!AA13 -> 0
A13: F1 | B13: P2 | C13: C1 | D13: M1 | E13: =Inflow!E13 -> 0 | F13: =Inflow!F13 -> 0 | G13: =Inflow!G13 -> 0 | H13: =Inflow!H13 -> 0 | I13: =Inflow!I13 -> 0 | J13: =Inflow!J13 -> 0 | K13: =Inflow!K13 -> 0.75 | L13: =Inflow!L13 -> 0 | ... N13: =Inflow!N13 -> 0 | O13: 0 | P13: 0 | Q13: 0 | R13: 0 | S13: 0 | T13: 0 | U13: 0 | V13: 0 | W13: 0 | X13: 0 | AD13: =Inflow!AA14 -> 0
A14: F1 | B14: P2 | C14: C2 | D14: M1 | E14: =Inflow!E14 -> 0 | F14: =Inflow!F14 -> 0 | G14: =Inflow!G14 -> 0 | H14: =Inflow!H14 -> 0 | I14: =Inflow!I14 -> 0 | J14: =Inflow!J14 -> 0 | K14: =Inflow!K14 -> 0 | L14: =Inflow!L14 -> 0.3 | ... N14: =Inflow!N14 -> -1 | O14: 0 | P14: 0 | Q14: 0 | R14: 0 | S14: 0 | T14: 0 | U14: 0 | V14: 0 | W14: 0 | X14: 0 | AD14: =Inflow!AA15 -> 0
A15: F2 | B15: P1 | C15: -1 | D15: -1 | E15: 0.2 | F15: 0 | G15: 0 | H15: 0 | I15: 0 | J15: 0 | K15: 0 | L15: 0 | M15: 0 | N15: 0 | O15: -1 | P15: 0 | Q15: 0 | R15: 0 | S15: 0 | T15: 0 | U15: 0 | V15: 0 | W15: 0 | X15: 0 | AD15: 0
A16: F2 | B16: P1 | C16: C1 | D16: -1 | E16: 0 | F16: 1 | G16: 0 | H16: 0 | I16: 0 | J16: 0 | K16: 0 | L16: 0 | M16: 0 | N16: 0 | O16: 0 | P16: -1 | Q16: 0 | R16: 0 | S16: 0 | T16: 0 | U16: 0 | V16: 0 | W16: 0 | X16: 0 | AD16: 0
A17: F2 | B17: P1 | C17: C2 | D17: -1 | E17: 0 | F17: 0 | G17: 1 | H17: 0 | I17: 0 | J17: 0 | K17: 0 | L17: 0 | M17: 0 | N17: 0 | O17: 0 | P17: 0 | Q17: -1 | R17: 0 | S17: 0 | T17: 0 | U17: 0 | V17: 0 | W17: 0 | X17: 0 | AD17: 0
A18: F2 | B18: P1 | C18: C1 | D18: M1 | E18: 0 | F18: 0 | G18: 0 | H18: 1 | I18: 0 | J18: 0 | K18: 0 | L18: 0 | M18: 0 | N18: 0 | O18: 0 | P18: 0 | Q18: 0 | R18: -1 | S18: 0 | T18: 0 | U18: 0 | V18: 0 | W18: 0 | X18: 0 | AD18: 0
A19: F2 | B19: P1 | C19: C2 | D19: M1 | E19: 0 | F19: 0 | G19: 0 | H19: 0 | I19: 1 | J19: 0 | K19: 0 | L19: 0 | M19: 0 | N19: 0 | O19: 0 | P19: 0 | Q19: 0 | R19: 0 | S19: -1 | T19: 0 | U19: 0 | V19: 0 | W19: 0 | X19: 0 | AD19: 0
A20: F2 | B20: P2 | C20: -1 | D20: -1 | E20: 0.8 | F20: 0 | G20: 0 | H20: 0 | J20: 0 | K20: 0 | L20: 0 | M20: 0 | N20: 0 | O20: 0 | P20: 0 | Q20: 0 | R20: 0 | S20: 0 | T20: -1 | U20: 0 | V20: 0 | W20: 0 | X20: 0 | AD20: 0
A21: F2 | B21: P2 | C21: C1 | D21: -1 | E21: 0 | F21: 1 | G21: 0 | H21: 0 | I21: 0 | J21: 0 | K21: 0 | L21: 0 | M21: 0 | N21: 0 | O21: 0 | P21: 0 | Q21: 0 | R21: 0 | S21: 0 | T21: 0 | U21: -1 | V21: 0 | W21: 0 | X21: 0 | AD21: 0
A22: F2 | B22: P2 | C22: C2 | D22: -1 | E22: 0 | F22: 0 | G22: 1 | H22: 0 | I22: 0 | J22: 0 | K22: 0 | L22: 0 | M22: 0 | N22: 0 | O22: 0 | P22: 0 | Q22: 0 | R22: 0 | S22: 0 | T22: 0 | U22: 0 | V22: -1 | W22: 0 | X22: 0 | AD22: 0
A23: F2 | B23: P2 | C23: C1 | D23: M1 | E23: 0 | F23: 0 | G23: 0 | H23: 1 | I23: 0 | J23: 0 | K23: 0 | L23: 0 | M23: 0 | N23: 0 | O23: 0 | P23: 0 | Q23: 0 | R23: 0 | S23: 0 | T23: 0 | U23: 0 | V23: 0 | W23: -1 | X23: 0 | AD23: 0
A24: F2 | B24: P2 | C24: C2 | D24: M1 | E24: 0 | F24: 0 | G24: 0 | H24: 0 | I24: 1 | J24: 0 | K24: 0 | L24: 0 | M24: 0 | N24: 0 | O24: 0 | P24: 0 | Q24: 0 | R24: 0 | S24: 0 | T24: 0 | U24: 0 | V24: 0 | W24: 0 | X24: -1 | AD24: 0
E26: parent | F26: child | G26: to_F | H26: parent | I26: child | J26: val
E27: P1 | F27: / | G27: F2 | H27: P1 | I27: / | J27: 0.2
E28: P2 | F28: / | G28: F2 | H28: P2 | I28: / | J28: 0.8
E31: {=MINVERSE(E5:X24)} -> #VALUE!

Sheet tc
A1: {=Transfer!E5:X24} -> 1 | B1: 0 | C1: 0 | D1: 0 | E1: 0 | F1: 0 | G1: 0 | H1: 0 | I1: 0 | J1: 0 | K1: 0 | L1: 0 | M1: 0 | N1: 0 | O1: 0 | P1: 0 | Q1: 0 | R1: 0 | S1: 0 | T1: 0
A2: 0.8 | B2: -1 | C2: 0 | D2: 0 | E2: 0 | F2: 0 | G2: 0 | H2: 0 | I2: 0 | J2: 0 | K2: 0 | L2: 0 | M2: 0 | N2: 0 | O2: 0 | P2: 0 | Q2: 0 | R2: 0 | S2: 0 | T2: 0
A3: 0.2 | B3: 0 | C3: -1 | D3: 0 | E3: 0 | F3: 0 | G3: 0 | H3: 0 | I3: 0 | J3: 0 | K3: 0 | L3: 0 | M3: 0 | N3: 0 | O3: 0 | P3: 0 | Q3: 0 | R3: 0 | S3: 0 | T3: 0
A4: 0 | B4: 0.5 | C4: 0 | D4: -1 | E4: 0 | F4: 0 | G4: 0 | H4: 0 | I4: 0 | J4: 0 | K4: 0 | L4: 0 | M4: 0 | N4: 0 | O4: 0 | P4: 0 | Q4: 0 | R4: 0 | S4: 0 | T4: 0
A5: 0 | B5: 0 | C5: 0.6 | D5: 0 | E5: -1 | F5: 0 | G5: 0 | H5: 0 | I5: 0 | J5: 0 | K5: 0 | L5: 0 | M5: 0 | N5: 0 | O5: 0 | P5: 0 | Q5: 0 | R5: 0 | S5: 0 | T5: 0
A6: 0 | B6: 0 | C6: 0 | D6: 0 | E6: 0 | F6: 1 | G6: 0 | H6: 0 | I6: 0 | J6: 0 | K6: 0 | L6: 0 | M6: 0 | N6: 0 | O6: 0 | P6: 0 | Q6: 0 | R6: 0 | S6: 0 | T6: 0
A7: 0 | B7: 0 | C7: 0 | D7: 0 | E7: 0 | F7: 0.1 | G7: -1 | H7: 0 | I7: 0 | J7: 0 | K7: 0 | L7: 0 | M7: 0 | N7: 0 | O7: 0 | P7: 0 | Q7: 0 | R7: 0 | S7: 0 | T7: 0
A8: 0 | B8: 0 | C8: 0 | D8: 0 | E8: 0 | F8: 0.9 | G8: 0 | H8: -1 | I8: 0 | J8: 0 | K8: 0 | L8: 0 | M8: 0 | N8: 0 | O8: 0 | P8: 0 | Q8: 0 | R8: 0 | S8: 0 | T8: 0
A9: 0 | B9: 0 | C9: 0 | D9: 0 | E9: 0 | F9: 0 | G9: 0.75 | H9: 0 | I9: -1 | J9: 0 | K9: 0 | L9: 0 | M9: 0 | N9: 0 | O9: 0 | P9: 0 | Q9: 0 | R9: 0 | S9: 0 | T9: 0
A10: 0 | B10: 0 | C10: 0 | D10: 0 | E10: 0 | F10: 0 | G10: 0 | H10: 0.3 | I10: 0 | J10: -1 | K10: 0 | L10: 0 | M10: 0 | N10: 0 | O10: 0 | P10: 0 | Q10: 0 | R10: 0 | S10: 0 | T10: 0
A11: 0.2 | B11: 0 | C11: 0 | D11: 0 | E11: 0 | F11: 0 | G11: 0 | H11: 0 | I11: 0 | J11: 0 | K11: -1 | L11: 0 | M11: 0 | N11: 0 | O11: 0 | P11: 0 | Q11: 0 | R11: 0 | S11: 0 | T11: 0
A12: 0 | B12: 1 | C12: 0 | D12: 0 | E12: 0 | F12: 0 | G12: 0 | H12: 0 | I12: 0 | J12: 0 | K12: 0 | L12: -1 | M12: 0 | N12: 0 | O12: 0 | P12: 0 | Q12: 0 | R12: 0 | S12: 0 | T12: 0
A13: 0 | B13: 0 | C13: 1 | D13: 0 | E13: 0 | F13: 0 | G13: 0 | H13: 0 | I13: 0 | J13: 0 | K13: 0 | L13: 0 | M13: -1 | N13: 0 | O13: 0 | P13: 0 | Q13: 0 | R13: 0 | S13: 0 | T13: 0
... A20: 0 | B20: 0 | C20: 0 | D20: 0 | E20: 1 | F20: 0 | G20: 0 | H20: 0 | I20: 0 | J20: 0 | K20: 0 | L20: 0 | M20: 0 | N20: 0 | O20: 0 | P20: 0 | Q20: 0 | R20: 0 | S20: 0 | T20: -1

Sheet y
A1: {=Transfer!AD5:AD24} -> 10
A2: 0
A3: 0
A4: 0
A5: 0
A6: 50
A7: 0
A8: 0
A9: 0
A10: 0
A11: 0
A12: 0
A13: 0
... A20: 0
